mcg,gvh,alm,mit,erl,pox,vac,nuc,localization.site
0.5021767,0.43762204,0.4565408,0.17799763,0.5,0.0,0.5378126,0.3121704,CYT
0.7405419,0.5173926,0.43353412,0.19395849,0.5,0.0,0.5408987,0.22,ME2
0.5146558,0.56136125,0.43289012,0.16887528,0.5,0.0,0.5304023,0.22,ME2
0.61016685,0.86704177,0.54227906,0.32738534,0.5,0.0,0.5337632,0.27522692,ME2
0.76827425,0.58094895,0.32014525,0.23017779,0.5,0.0,0.5162503,0.22,ME2
0.8136179,0.59884787,0.40501893,0.29525942,0.5,0.0,0.51940376,0.22,ME2
0.44513997,0.42945647,0.4764838,0.119958386,0.5,0.0,0.52277267,0.3087878,CYT
0.8326355,0.5499359,0.63911355,0.3057852,0.5,0.0,0.3010313,0.2720824,ME2
0.75094944,0.47454938,0.32858709,0.044938006,0.5,0.0,0.61273867,0.22,ME2
0.92760134,0.7677243,0.3717239,0.5745608,0.5,0.0,0.47258365,0.22,ME2
0.73445845,0.6157463,0.36881995,0.18028454,0.5,0.0,0.5456554,0.29941776,ME2
0.4922069,0.63435525,0.5018573,0.15059651,0.5,0.0,0.5082897,0.22,CYT
0.5267696,0.42919424,0.52059007,0.17358719,0.5,0.0,0.46741107,0.22,CYT
0.7776958,0.68244433,0.47809,0.409931,0.5,0.0,0.30978552,0.30049452,ME2
0.9169923,0.7155099,0.27096507,0.23215196,0.5,0.0,0.37983397,0.22,ME2
0.80188215,0.559595,0.52084875,0.19891119,0.5,0.0,0.3195672,0.31379953,ME2
0.47886342,0.4016988,0.48092228,0.14695601,0.5,0.0,0.53159094,0.22,CYT
0.62955135,0.74712706,0.37240592,0.39379942,0.5,0.0,0.3324342,0.22,CYT
0.516019,0.45239678,0.33570358,0.040065955,0.5,0.0,0.5199048,0.22,ME2
0.72735626,0.5605428,0.35652214,0.062281016,0.5,0.0,0.5222064,0.22,ME2
0.40761518,0.39850122,0.5346224,0.15970814,0.5,0.0,0.57487494,0.35548982,CYT
0.8240522,0.69217706,0.40959197,0.1952405,0.5,0.0,0.5116298,0.22,ME2
0.38049814,0.46515816,0.5564066,0.06174578,0.5,0.0,0.51225793,0.22,CYT
0.59575015,0.52337575,0.49691895,0.1765891,0.5,0.0,0.5479834,0.22,CYT
0.44341612,0.4601179,0.47195354,0.132801,0.5,0.0,0.52692586,0.24711825,ME2
0.5391784,0.43351662,0.47823194,0.09054354,0.5,0.0,0.5365499,0.22,CYT
0.90256274,0.80672866,0.42984965,0.26325732,0.5,0.0,0.52395386,0.22,ME2
0.47450978,0.4364931,0.5292322,0.12416823,0.5,0.0,0.5893849,0.22,CYT
0.65216786,0.47748718,0.48911253,0.1474326,0.5,0.0,0.54039824,0.22,CYT
0.24132365,0.33464232,0.5493798,0.17319523,0.5,0.0,0.5485637,0.22,CYT
0.9257662,0.6605848,0.2709653,0.3562118,0.5,0.0,0.43548796,0.22,ME2
0.551387,0.5465928,0.4743316,0.105031565,0.5,0.0,0.6484646,0.22,ME2
0.45283037,0.41410857,0.5159928,0.17669956,0.5,0.0,0.54445326,0.33875692,CYT
0.37175545,0.4627607,0.5234828,0.15977369,0.5,0.0,0.504627,0.22,CYT
0.45717666,0.6108593,0.44157907,0.169533,0.5,0.0,0.5179682,0.22,ME2
0.3804194,0.4758787,0.512632,0.17193657,0.5,0.0,0.5218766,0.2951301,CYT
0.8280015,0.9,0.5058856,0.6580204,0.5,0.0,0.5167921,0.22,ME2
0.54433113,0.4370233,0.5251506,0.2545259,0.5,0.0,0.5320969,0.37053567,CYT
0.37183174,0.2897202,0.4092062,0.15004414,0.5,0.0,0.52815455,0.22,ME2
0.5168798,0.5123047,0.5264134,0.40273282,0.5,0.0,0.50715697,0.22,CYT
0.42090747,0.55288094,0.5229479,0.11720383,0.5,0.0,0.47246304,0.22,CYT
0.7455399,0.585704,0.42432916,0.13276504,0.5,0.0,0.5457677,0.22,ME2
0.57267094,0.40689006,0.5437313,0.1910312,0.5,0.0,0.4996618,0.22,CYT
0.3646992,0.551333,0.5282105,0.13999659,0.5,0.0,0.51542217,0.22,CYT
0.53554916,0.5455629,0.38512936,0.18088757,0.5,0.0,0.51898307,0.22,ME2
0.4787188,0.47978613,0.50718653,0.19082265,0.5,0.0,0.5243627,0.22,CYT
0.80509007,0.69915175,0.41690385,0.5714061,0.5,0.0,0.5482237,0.22,ME2
0.7188058,0.5663305,0.5335841,0.2158354,0.5,0.0,0.6899995,0.22,CYT
0.24797602,0.53233993,0.5262666,0.06908434,0.5,0.0,0.45102885,0.22,CYT
0.48047107,0.55853605,0.51503986,0.18773435,0.5,0.0,0.4493538,0.3341623,CYT
0.44256458,0.47603014,0.5091121,0.19145922,0.5,0.0,0.5275633,0.22,ME2
0.7062995,0.56758666,0.33767995,0.182463,0.5,0.0,0.51564837,0.22,ME2
0.81112504,0.56787866,0.30298066,0.43457264,0.5,0.0,0.5321917,0.22,ME2
0.5090126,0.43044156,0.6899994,0.18813865,0.5,0.0,0.3000057,0.2764996,CYT
0.61977625,0.7072733,0.38757557,0.3224654,0.5,0.0,0.5081945,0.22,ME2
0.44515797,0.43873298,0.44366184,0.17064941,0.5,0.0,0.53008497,0.22,ME2
0.4955379,0.5517757,0.5035628,0.33786553,0.5,0.0,0.43299416,0.11,CYT
0.9501616,0.59621763,0.30034363,0.13147135,0.5,0.0,0.46926233,0.22,ME2
0.773803,0.7346692,0.41412008,0.18347755,0.5,0.0,0.6658597,0.22,CYT
0.3613653,0.3602001,0.5319953,0.1733359,0.5,0.0,0.591516,0.22,CYT
0.8710915,0.7604662,0.3291975,0.28534052,0.5,0.0,0.5330112,0.22,ME2
0.87348205,0.8997071,0.6532423,0.5751751,0.5,0.0,0.5494789,0.22,ME2
0.96938646,0.81443566,0.3579448,0.63382655,0.5,0.0,0.43487808,0.22,ME2
0.8036122,0.5669321,0.36924043,0.20746048,0.5,0.0,0.45689654,0.22,ME2
0.37617078,0.4488562,0.44294545,0.16365172,0.5,0.0,0.4546147,0.38648102,CYT
0.97,0.6532079,0.27043182,0.6521084,0.5,0.0,0.3014412,0.22,ME2
0.40854722,0.44083112,0.43168294,0.1839919,0.5,0.0,0.54046285,0.25151515,ME2
0.4944395,0.4969652,0.4834991,0.18537709,0.5,0.0,0.5125991,0.22,CYT
0.4605218,0.41671464,0.36232927,0.1948726,0.5,0.0,0.49685147,0.22,ME2
0.74305224,0.7819208,0.56965315,0.3508909,0.5,0.0,0.47713763,0.31303763,ME2
0.6567024,0.5726605,0.32642502,0.20840503,0.5,0.0,0.44797724,0.22,ME2
0.6194932,0.7800219,0.34452692,0.18701513,0.5,0.0,0.5222157,0.22,ME2
0.7050071,0.5518955,0.4121684,0.18739879,0.5,0.0,0.54544044,0.22,ME2
0.7932006,0.57459307,0.36684194,0.18934532,0.5,0.0,0.5325674,0.22,ME2
0.55681235,0.54512864,0.5202862,0.19054314,0.5,0.0,0.51434004,0.22,CYT
0.5150549,0.43682486,0.5295277,0.1928005,0.5,0.0,0.6603184,0.22,CYT
0.44675604,0.48552465,0.5472811,0.58520675,0.5,0.0,0.43689668,0.31840006,CYT
0.48268643,0.5408864,0.527392,0.15033403,0.5,0.0,0.64943373,0.22,CYT
0.8426199,0.6072298,0.37499443,0.21314502,0.5,0.0,0.5324966,0.22,ME2
0.7416304,0.55529916,0.36229137,0.184949,0.5,0.0,0.53265035,0.22,ME2
0.80361265,0.67599714,0.5196331,0.23983955,0.5,0.0,0.54000306,0.22,ME2
0.464635,0.43587548,0.50678605,0.18796563,0.5,0.0,0.5257376,0.22,ME2
0.5276797,0.47078198,0.4807425,0.19501664,0.5,0.0,0.48606747,0.22,CYT
0.70396954,0.4543183,0.3950462,0.2270916,0.5,0.0,0.5268148,0.22,ME2
0.3556924,0.56514865,0.52178633,0.14158608,0.5,0.0,0.5657059,0.22,CYT
0.7821697,0.6564832,0.30473444,0.2685355,0.5,0.0,0.5115077,0.22,ME2
0.74708027,0.5981789,0.35558105,0.22467437,0.5,0.0,0.53472984,0.22,ME2
0.8038146,0.60225224,0.43085924,0.29911435,0.5,0.0,0.50403374,0.28676608,ME2
0.90468955,0.6126198,0.31495884,0.040000275,0.5,0.0,0.5334616,0.22,ME2
0.74185705,0.55864185,0.41982463,0.17333531,0.5,0.0,0.48454604,0.22,ME2
0.25692686,0.4018771,0.41660208,0.2744279,0.5,0.0,0.4425304,0.22,ME2
0.79072016,0.6456633,0.39429277,0.3117004,0.5,0.0,0.5421847,0.22,ME2
0.54363924,0.42797405,0.5232503,0.2707679,0.5,0.0,0.5479101,0.34854308,CYT
0.52526766,0.47134274,0.5223702,0.18872115,0.5,0.0,0.6254211,0.22,CYT
0.24574445,0.38107172,0.5289931,0.16299166,0.5,0.0,0.52540976,0.15469085,CYT
0.7852355,0.6902154,0.5216671,0.25107282,0.5,0.0,0.5149645,0.22,ME2
0.374357,0.32881287,0.4854835,0.18062736,0.5,0.0,0.49795985,0.3512156,CYT
0.44743186,0.45250943,0.52960694,0.17327315,0.5,0.0,0.4781922,0.38689053,CYT
0.52555203,0.6180106,0.4494954,0.22017027,0.5,0.0,0.5497359,0.22,ME2
0.44335267,0.6724286,0.47363466,0.14692774,0.5,0.0,0.51577467,0.22,CYT
0.8026151,0.73948413,0.58736223,0.28148818,0.5,0.0,0.3784341,0.22,ME2
0.76541156,0.5756431,0.3993912,0.6494676,0.5,0.0,0.53541225,0.22,ME2
0.41389665,0.44775635,0.56115294,0.11172686,0.5,0.0,0.49183872,0.22,CYT
0.4553851,0.4078259,0.69,0.1666231,0.5,0.0,0.30001518,0.22,CYT
0.56652796,0.5574722,0.5230078,0.18928549,0.5,0.0,0.5436494,0.22,CYT
0.6954512,0.5641828,0.39187846,0.178686,0.5,0.0,0.5021101,0.22,ME2
0.43634036,0.44479066,0.48459983,0.1386724,0.5,0.0,0.5362402,0.35163432,CYT
0.48873556,0.42615604,0.44321787,0.16404347,0.5,0.0,0.52484196,0.22,ME2
0.7738406,0.8393677,0.5176273,0.6194579,0.5,0.0,0.5406161,0.22,ME2
0.5424258,0.42330182,0.51145726,0.17010178,0.5,0.0,0.5181198,0.22,CYT
0.8285313,0.8800712,0.4629449,0.6343502,0.5,0.0,0.5013006,0.22,ME2
0.45528674,0.5609687,0.5012889,0.21775877,0.5,0.0,0.34270784,0.22,CYT
0.51527154,0.4884232,0.49451652,0.28331992,0.5,0.0,0.46943,0.3268319,CYT
0.5254619,0.42806077,0.50621825,0.38384017,0.5,0.0,0.4878646,0.3360848,CYT
0.8469124,0.6247505,0.36383635,0.19336611,0.5,0.0,0.5246464,0.22,ME2
0.8312443,0.6624896,0.37231013,0.24559988,0.5,0.0,0.54854476,0.22,ME2
0.8023418,0.5886464,0.36112875,0.20664011,0.5,0.0,0.4684036,0.22,ME2
0.54145133,0.44627088,0.44048408,0.18063645,0.5,0.0,0.48491985,0.3804574,CYT
0.80022335,0.7101521,0.49615887,0.26646802,0.5,0.0,0.5332887,0.22,ME2
0.24813503,0.31738728,0.4473385,0.1540581,0.5,0.0,0.49411592,0.22,ME2
0.8216105,0.56601554,0.39913642,0.21198696,0.5,0.0,0.5490344,0.22,ME2
0.97,0.6144032,0.27027622,0.58541125,0.5,0.0,0.33507532,0.22,ME2
0.8136456,0.5658649,0.44454134,0.18810414,0.5,0.0,0.52677035,0.22,ME2
0.6970747,0.8161095,0.3716992,0.41795138,0.5,0.0,0.534662,0.22,ME2
0.5584222,0.4371573,0.47518557,0.19943736,0.5,0.0,0.5298865,0.36078647,CYT
0.49475774,0.42040482,0.5061182,0.5999521,0.5,0.0,0.3162446,0.31363598,CYT
0.48122218,0.3920725,0.4989949,0.38716996,0.5,0.0,0.43218637,0.28694615,CYT
0.8183492,0.58694285,0.32996497,0.40462062,0.5,0.0,0.5357802,0.22,ME2
0.77726257,0.6416262,0.39249462,0.25382596,0.5,0.0,0.49530026,0.3701201,ME2
0.45825684,0.40477446,0.5451971,0.222406,0.5,0.0,0.51796114,0.37646958,CYT
0.87504923,0.6282252,0.5171015,0.5578395,0.5,0.0,0.49436104,0.22,ME2
0.8904509,0.59921783,0.37904888,0.40188706,0.5,0.0,0.59250116,0.22,ME2
0.59349716,0.47512263,0.50629145,0.18825462,0.5,0.0,0.4679966,0.22,CYT
0.26910585,0.29559055,0.62601894,0.15497722,0.5,0.0,0.45355463,0.22,CYT
0.8125719,0.55118215,0.38392895,0.45487452,0.5,0.0,0.5382411,0.46957913,ME2
0.5302024,0.44153228,0.32875648,0.12482163,0.5,0.0,0.53082347,0.22,ME2
0.5843637,0.4628081,0.5523445,0.1975304,0.5,0.0,0.3195015,0.22,CYT
0.44136807,0.47064012,0.5215739,0.08043151,0.5,0.0,0.5283187,0.22,CYT
0.5064293,0.43803513,0.48855403,0.11210669,0.5,0.0,0.5340828,0.22,CYT
0.46243617,0.44743302,0.68586034,0.56846064,0.5,0.0,0.4147078,0.28727716,CYT
0.48750055,0.52227604,0.52651566,0.1346332,0.5,0.0,0.39476097,0.22,CYT
0.5599899,0.46757048,0.4719941,0.18941924,0.5,0.0,0.5318094,0.33792016,CYT
0.24,0.25000033,0.5386953,0.18880428,0.5,0.0,0.49056756,0.11,CYT
0.76405984,0.5563898,0.3346645,0.2414927,0.5,0.0,0.51755977,0.22,ME2
0.50094885,0.5531459,0.5218033,0.107531056,0.5,0.0,0.5414265,0.22,CYT
0.74955684,0.59927,0.41896135,0.22464605,0.5,0.0,0.5422512,0.22,ME2
0.30758598,0.3147173,0.54095083,0.17129843,0.5,0.0,0.33496386,0.33789337,CYT
0.24322706,0.25001386,0.5491151,0.18959045,0.5,0.0,0.51013094,0.18224536,CYT
0.85561043,0.55946904,0.6882785,0.30967593,0.5,0.0,0.3,0.3379478,ME2
0.52899116,0.45888844,0.5237201,0.69977975,0.5,0.0,0.41144326,0.28631973,CYT
0.56556976,0.5196869,0.50676805,0.17395908,0.5,0.0,0.42667764,0.22,CYT
0.7169935,0.5658007,0.48750618,0.16556263,0.5,0.0,0.52847594,0.22,CYT
0.7876153,0.64245045,0.38348016,0.19962701,0.5,0.0,0.35315058,0.22,ME2
0.8043225,0.76008993,0.40002736,0.31133994,0.5,0.0,0.5253645,0.22,ME2
0.7734978,0.55663455,0.53627455,0.30055672,0.5,0.0,0.5145107,0.45806214,ME2
0.39291155,0.33775297,0.5493093,0.1532937,0.5,0.0,0.524388,0.22,CYT
0.56946826,0.38122228,0.44537082,0.16326568,0.5,0.0,0.5172983,0.22,CYT
0.49135152,0.4466229,0.55868256,0.16034566,0.5,0.0,0.43536183,0.22,CYT
0.90570474,0.86769414,0.57716835,0.65761745,0.5,0.0,0.547131,0.22,ME2
0.24029726,0.25000086,0.5465384,0.17083742,0.5,0.0,0.52890307,0.18274981,CYT
0.7240003,0.4399637,0.40848443,0.30146372,0.5,0.0,0.42379555,0.22,ME2
0.44750696,0.41083086,0.68999285,0.18090492,0.5,0.0,0.3,0.22663015,CYT
0.7825521,0.6082099,0.45449403,0.50233203,0.5,0.0,0.30137116,0.22,CYT
0.7879847,0.58324945,0.4928168,0.2595986,0.5,0.0,0.58540326,0.22,ME2
0.5731763,0.49254936,0.45809025,0.1301115,0.5,0.0,0.61463326,0.22,CYT
0.5879891,0.57940984,0.48679203,0.13543795,0.5,0.0,0.4117341,0.22,CYT
0.5131755,0.43698335,0.5022916,0.18145217,0.5,0.0,0.5440906,0.22,CYT
0.5198134,0.4377953,0.61282724,0.27358502,0.5,0.0,0.54234207,0.22,CYT
0.8539206,0.69071484,0.30768216,0.2229678,0.5,0.0,0.48409334,0.22,ME2
0.5310144,0.48525348,0.50561184,0.1850454,0.5,0.0,0.5180657,0.22,CYT
0.47392607,0.46359128,0.49152568,0.09714111,0.5,0.0,0.5129996,0.22,CYT
0.33298406,0.3922134,0.52889335,0.18284385,0.5,0.0,0.52027684,0.32820183,CYT
0.82394266,0.61749506,0.29091522,0.22411636,0.5,0.0,0.5229858,0.22,ME2
0.5685483,0.4716976,0.37932402,0.20713773,0.5,0.0,0.30596137,0.46674037,ME2
0.82768655,0.6555571,0.52928877,0.26479793,0.5,0.0,0.48067957,0.22,ME2
0.79458255,0.53019965,0.43563408,0.18410909,0.5,0.0,0.44243726,0.33064112,ME2
0.62198883,0.69485027,0.4041317,0.20126382,0.5,0.0,0.6173186,0.22,ME2
0.82235533,0.5552549,0.2979873,0.04015461,0.5,0.0,0.52426857,0.22,ME2
0.45863217,0.45561877,0.42119107,0.18541434,0.5,0.0,0.33605957,0.22,ME2
0.51602626,0.43439528,0.3950535,0.040545966,0.5,0.0,0.6003347,0.22,ME2
0.56802565,0.4620907,0.5182829,0.33188468,0.5,0.0,0.53181803,0.3914795,CYT
0.68053764,0.6025254,0.30200127,0.18799438,0.5,0.0,0.47433314,0.22,ME2
0.708497,0.84786344,0.4723989,0.5627198,0.5,0.0,0.51310736,0.22,ME2
0.82498884,0.7042874,0.50978124,0.22980063,0.5,0.0,0.6449238,0.22,ME2
0.44123334,0.45241138,0.5210144,0.13081864,0.5,0.0,0.3489853,0.22,CYT
0.774352,0.70695287,0.52502054,0.67822236,0.5,0.0,0.5438109,0.22,ME2
0.40454024,0.507933,0.5669129,0.1412851,0.5,0.0,0.5607323,0.22,CYT
0.4500789,0.4231239,0.67882895,0.25593945,0.5,0.0,0.300986,0.22,CYT
0.4255307,0.44621405,0.48498982,0.15649012,0.5,0.0,0.41333073,0.22,CYT
0.5549592,0.47295243,0.60877854,0.6999967,0.5,0.0,0.5092575,0.32395482,CYT
0.73166233,0.55717885,0.47325966,0.19393006,0.5,0.0,0.47260854,0.22,ME2
0.47082692,0.42975286,0.52458024,0.3386748,0.5,0.0,0.5394418,0.36717987,CYT
0.5952567,0.47028664,0.40539455,0.6032165,0.5,0.0,0.42932355,0.43348038,ME2
0.3868522,0.30566272,0.523376,0.18646502,0.5,0.0,0.54057837,0.35159144,CYT
0.5727365,0.5365851,0.5175588,0.18614173,0.5,0.0,0.60464513,0.22,CYT
0.44636798,0.42711338,0.5567928,0.34465638,0.5,0.0,0.52854466,0.37279296,CYT
0.8032105,0.56165314,0.5344384,0.6804195,0.5,0.0,0.44474763,0.38666067,ME2
0.9348868,0.88070023,0.29675776,0.22298549,0.5,0.0,0.44644323,0.22,ME2
0.5824067,0.49715766,0.4931724,0.18160905,0.5,0.0,0.6078881,0.22,CYT
0.7825169,0.5893214,0.4012077,0.34521657,0.5,0.0,0.4926015,0.22,ME2
0.53375864,0.47878185,0.51764786,0.40806738,0.5,0.0,0.54646444,0.35601014,CYT
0.42840022,0.44725287,0.4858493,0.12962736,0.5,0.0,0.44743386,0.32600173,CYT
0.72232354,0.7441814,0.43363172,0.19350815,0.5,0.0,0.5350253,0.22,ME2
0.9696002,0.8614875,0.42573974,0.44149122,0.5,0.0,0.50743484,0.22,ME2
0.82561207,0.79520684,0.32052156,0.16968934,0.5,0.0,0.5112417,0.22,ME2
0.24046552,0.25002414,0.47943857,0.1624526,0.5,0.0,0.45602736,0.22,ME2
0.58727944,0.43290606,0.38227344,0.19766925,0.5,0.0,0.53920114,0.4687013,ME2
0.47061503,0.4050653,0.4753654,0.18598677,0.5,0.0,0.4494375,0.22,CYT
0.4851037,0.33378062,0.69,0.18692584,0.5,0.0,0.30000016,0.23169506,CYT
0.65266293,0.61467534,0.45474172,0.2307658,0.5,0.0,0.5142006,0.22,ME2
0.803656,0.78533536,0.30382094,0.36088136,0.5,0.0,0.46568683,0.22,ME2
0.8137396,0.89364374,0.2989832,0.29587635,0.5,0.0,0.53686273,0.22,ME2
0.7340248,0.5225852,0.37839842,0.234508,0.5,0.0,0.4486451,0.32203603,ME2
0.7978092,0.76498705,0.44781673,0.36660913,0.5,0.0,0.5234408,0.22,ME2
0.55626667,0.63872766,0.342089,0.19575165,0.5,0.0,0.5110578,0.22,ME2
0.48308238,0.53243804,0.50201935,0.17337516,0.5,0.0,0.5110508,0.22,CYT
0.89133376,0.89996845,0.5651337,0.6083133,0.5,0.0,0.6755301,0.22,ME2
0.38239777,0.4277319,0.6210643,0.18548618,0.5,0.0,0.4039045,0.32473814,CYT
0.46898538,0.4772121,0.5232908,0.18213427,0.5,0.0,0.5273593,0.22,CYT
0.48050976,0.47081494,0.51699454,0.18395719,0.5,0.0,0.42365086,0.33834174,CYT
0.4069411,0.41246936,0.5236182,0.046554103,0.5,0.0,0.54449475,0.22,CYT
0.73856574,0.78040296,0.3769572,0.1749868,0.5,0.0,0.4865417,0.22,ME2
0.51063126,0.51064616,0.4563898,0.15405759,0.5,0.0,0.5412516,0.22,CYT
0.7998464,0.6836248,0.5234695,0.38170087,0.5,0.0,0.52389956,0.34641466,ME2
0.51379704,0.4111461,0.51919585,0.18943496,0.5,0.0,0.5189166,0.32507327,CYT
0.370096,0.38301787,0.6605303,0.19117461,0.5,0.0,0.4553181,0.33031657,CYT
0.38883975,0.47550583,0.64408535,0.18018149,0.5,0.0,0.47810772,0.22,CYT
0.57457125,0.44321942,0.44748986,0.08515217,0.5,0.0,0.5430386,0.22,ME2
0.8112386,0.5502876,0.3978032,0.18858504,0.5,0.0,0.49189317,0.22,ME2
0.97,0.84415776,0.27,0.5183785,0.5,0.0,0.30048585,0.22,ME2
0.41145822,0.4614408,0.5173801,0.15241732,0.5,0.0,0.51800084,0.36645243,CYT
0.67528766,0.5127622,0.36361963,0.19827436,0.5,0.0,0.45886,0.46314818,ME2
0.4878054,0.5065604,0.53907937,0.1673836,0.5,0.0,0.3979551,0.22,CYT
0.40462482,0.5201004,0.6145454,0.16235745,0.5,0.0,0.5389801,0.22,CYT
0.48349243,0.47932968,0.45952365,0.1899303,0.5,0.0,0.5038695,0.36026135,CYT
0.41573134,0.5577177,0.50175333,0.16461334,0.5,0.0,0.35113358,0.22,CYT
0.75669104,0.55461806,0.45787516,0.16085525,0.5,0.0,0.5490635,0.22,ME2
0.79856443,0.51984876,0.33978328,0.040001307,0.5,0.0,0.5495144,0.22,ME2
0.584136,0.51546484,0.46946767,0.17230971,0.5,0.0,0.42004198,0.22,CYT
0.6624295,0.8960875,0.65035826,0.28407812,0.5,0.0,0.34621957,0.22,ME2
0.6447119,0.4680817,0.5216409,0.20330596,0.5,0.0,0.5133579,0.22,CYT
0.7754553,0.7132372,0.40299338,0.37420776,0.5,0.0,0.5023713,0.22,ME2
0.81279814,0.5813675,0.38611275,0.6307023,0.5,0.0,0.4743391,0.22,ME2
0.5080594,0.5754795,0.56052107,0.6428656,0.5,0.0,0.66362506,0.22,CYT
0.8298293,0.5650033,0.42987934,0.1854362,0.5,0.0,0.5185335,0.22,ME2
0.73402447,0.55044144,0.47451943,0.18341056,0.5,0.0,0.51356995,0.22,ME2
0.812261,0.6077402,0.5237145,0.5764048,0.5,0.0,0.3197341,0.3686921,ME2
0.52887744,0.563145,0.4467797,0.5106534,0.5,0.0,0.5384633,0.39401686,CYT
0.7991674,0.5855525,0.33475024,0.04000023,0.5,0.0,0.5475687,0.22,ME2
0.872258,0.6189827,0.4258382,0.25175968,0.5,0.0,0.640969,0.22,ME2
0.7924314,0.5933631,0.31517538,0.20321235,0.5,0.0,0.5439383,0.22,ME2
0.82929283,0.5613644,0.38881326,0.40183762,0.5,0.0,0.47011295,0.22,ME2
0.4404605,0.40920925,0.5162788,0.1351076,0.5,0.0,0.52863646,0.22,CYT
0.55976474,0.47514865,0.52106285,0.46718973,0.5,0.0,0.5144567,0.31746957,CYT
0.6492952,0.6185057,0.37409717,0.27216128,0.5,0.0,0.54497504,0.22,ME2
0.87926924,0.8681266,0.52420855,0.34920377,0.5,0.0,0.6655586,0.22,ME2
0.80266637,0.6880313,0.5172866,0.19518542,0.5,0.0,0.52585495,0.22,ME2
0.46121573,0.4780993,0.4182429,0.14062311,0.5,0.0,0.4638822,0.22,ME2
0.45098853,0.4754809,0.41123495,0.17342933,0.99999785,0.0,0.3903578,0.22,ME2
0.6979424,0.56699234,0.38422275,0.17396823,0.5,0.0,0.54535973,0.2827213,ME2
0.43865412,0.56617343,0.5580834,0.10797224,0.5,0.0,0.53096145,0.22,CYT
0.80745846,0.5533577,0.41518,0.17673098,0.5,0.0,0.4602295,0.31184936,ME2
0.7878188,0.62708586,0.31423515,0.24195585,0.5,0.0,0.52483064,0.22,ME2
0.3983814,0.46784505,0.51692575,0.19487709,0.5,0.0,0.47607735,0.41746345,CYT
0.8093811,0.635441,0.3665413,0.4684668,0.5,0.0,0.603123,0.28331777,ME2
0.26947597,0.44320768,0.5152356,0.0923034,0.5,0.0,0.5497774,0.22,CYT
0.8516825,0.74699414,0.29968983,0.23398487,0.5,0.0,0.532122,0.22,ME2
0.87316096,0.6720078,0.6768076,0.67894983,0.5,0.0,0.53846145,0.41863436,ME2
0.96999925,0.7841828,0.27487886,0.3408684,0.5,0.0,0.34358457,0.22,ME2
0.6177543,0.49107668,0.46178815,0.17509963,0.5,0.0,0.6875316,0.22,CYT
0.49909475,0.53285235,0.4844809,0.19290935,0.5,0.0,0.50579166,0.30605802,CYT
0.70371246,0.6437746,0.50805885,0.16102134,0.5,0.0,0.30351713,0.22,CYT
0.7896293,0.684112,0.35393375,0.1880703,0.5,0.0,0.5322642,0.22,ME2
0.7378364,0.48515975,0.44064787,0.22322927,0.5,0.0,0.52810055,0.22,ME2
0.7651824,0.5106859,0.3776994,0.28655174,0.5,0.0,0.43425015,0.31470755,ME2
0.46692985,0.43710983,0.5209123,0.19216916,0.5,0.0,0.45436093,0.3584262,CYT
0.7918643,0.57462996,0.45965627,0.20612842,0.5,0.0,0.5492896,0.22,ME2
0.4598059,0.47622812,0.5231739,0.1549241,0.5,0.0,0.35115862,0.22,CYT
0.45993012,0.43914273,0.5496633,0.1763779,0.5,0.0,0.5135881,0.22,CYT
0.73270607,0.55033743,0.39978647,0.12247158,0.5,0.0,0.53508365,0.22,ME2
0.48892492,0.449433,0.68999535,0.19868296,0.5,0.0,0.30303693,0.22,CYT
0.35611475,0.36715215,0.53458685,0.1826679,0.5,0.0,0.54467446,0.22,CYT
0.720881,0.83737516,0.4412322,0.25042358,0.5,0.0,0.5407116,0.22,ME2
0.78319126,0.5985271,0.5314784,0.36951888,0.5,0.0,0.41906154,0.4638259,ME2
0.45001647,0.48208472,0.50609,0.18428525,0.5,0.0,0.49579507,0.34774297,CYT
0.38512966,0.41377515,0.69,0.15910003,0.5,0.0,0.30000052,0.26012656,CYT
0.33078536,0.48136157,0.52442,0.078216046,0.5,0.0,0.52757126,0.22,CYT
0.8986794,0.54245925,0.41781074,0.17194015,0.5,0.0,0.4972688,0.22,ME2
0.3478962,0.6646857,0.52628523,0.1438506,0.5,0.0,0.599421,0.11,CYT
0.2894341,0.5308406,0.5274243,0.07863702,0.5,0.0,0.6693727,0.22,CYT
0.27709776,0.5604227,0.4772868,0.06739378,0.5,0.0,0.5322823,0.22,ME2
0.8140822,0.6939697,0.4524157,0.6573934,0.5,0.0,0.53100586,0.22,ME2
0.6883499,0.6511377,0.52243084,0.19171168,0.5,0.0,0.3445733,0.2975371,ME2
0.8048756,0.61894774,0.4202311,0.18016876,0.5,0.0,0.51470286,0.22,ME2
0.75491697,0.5519067,0.46089295,0.25259885,0.5,0.0,0.5340528,0.22,ME2
0.44551858,0.41226682,0.52764904,0.13996321,0.5,0.0,0.47576347,0.22,CYT
0.38512114,0.43855962,0.5434584,0.19426803,0.5,0.0,0.44786438,0.22,CYT
0.44929954,0.64676577,0.49223793,0.1800178,0.5,0.0,0.32204172,0.21922904,CYT
0.6086347,0.55708736,0.35425776,0.2544009,0.5,0.0,0.53458875,0.22,ME2
0.43401352,0.45652315,0.54474175,0.19844496,0.5,0.0,0.5421959,0.37895498,CYT
0.85203654,0.6607314,0.4503167,0.47316283,0.5,0.0,0.30350032,0.22,CYT
0.5544961,0.518583,0.55563104,0.36419058,0.5,0.0,0.5222002,0.22,ME2
0.53738385,0.5035283,0.54259306,0.13625632,0.5,0.0,0.38967913,0.22,CYT
0.35714045,0.42714232,0.5205956,0.114607245,0.5,0.0,0.44779772,0.22,CYT
0.55339557,0.4789803,0.45158836,0.17975517,0.5,0.0,0.4646141,0.22,ME2
0.47879624,0.43545628,0.4292698,0.18653174,0.5,0.0,0.53361225,0.22,ME2
0.9699485,0.72421134,0.27048162,0.3472175,0.5,0.0,0.33380726,0.22,ME2
0.84401226,0.5881517,0.34773883,0.4824253,0.5,0.0,0.5326956,0.22,ME2
0.5588668,0.4604943,0.48882028,0.2530163,0.5,0.0,0.45968035,0.22,CYT
0.2762595,0.37842318,0.5126773,0.07939058,0.5,0.0,0.68338543,0.22,CYT
0.70132136,0.5667528,0.3302904,0.19757672,0.5,0.0,0.50643486,0.22,ME2
0.5054476,0.40496674,0.52934706,0.23554894,0.5,0.0,0.51152617,0.32811168,CYT
0.7480177,0.5550315,0.6298836,0.2758478,0.5,0.0,0.3002502,0.25260767,ME2
0.54734933,0.5048146,0.49543598,0.5442743,0.5,0.0,0.4532355,0.3907621,CYT
0.7198169,0.68062013,0.3629333,0.1151243,0.5,0.0,0.533004,0.22,ME2
0.55768937,0.4821297,0.51098406,0.1820681,0.5,0.0,0.48780957,0.22,CYT
0.8333173,0.5565364,0.48821735,0.1971622,0.5,0.0,0.53264314,0.22,ME2
0.8335928,0.5653719,0.50969887,0.41614977,0.5,0.0,0.537638,0.22,ME2
0.24035953,0.2507276,0.49923265,0.19323331,0.5,0.0,0.5278827,0.22,ME2
0.81756645,0.55330515,0.34952322,0.1864524,0.5,0.0,0.52906597,0.22,ME2
0.8093713,0.58190906,0.3552892,0.22398102,0.5,0.0,0.4734531,0.22,ME2
0.7515275,0.5512419,0.42736912,0.3537186,0.5,0.0,0.5383026,0.22,ME2
0.5792567,0.5660846,0.45601052,0.18317278,0.5,0.0,0.4699309,0.22,ME2
0.91504455,0.8989603,0.5347139,0.52798915,0.5,0.0,0.54910964,0.22,ME2
0.57063156,0.42870724,0.51467276,0.18844321,0.5,0.0,0.55179566,0.22,CYT
0.37139618,0.47586414,0.51625377,0.15882583,0.5,0.0,0.5406073,0.32801673,CYT
0.6763038,0.71185476,0.2909519,0.32055905,0.5,0.0,0.5287583,0.22,ME2
0.48745072,0.49870017,0.52087617,0.1522455,0.5,0.0,0.54029757,0.22,CYT
0.58235896,0.6455576,0.490074,0.14610131,0.5,0.0,0.31651992,0.22,CYT
0.53926253,0.68810904,0.27523243,0.45411012,0.5,0.0,0.44778445,0.22,ME2
0.44009036,0.4074439,0.6487304,0.5942072,0.5,0.0,0.39175165,0.22,CYT
0.5504223,0.45363587,0.5626874,0.63140917,0.5,0.0,0.52450544,0.292963,CYT
0.5503556,0.6601838,0.3779516,0.1727794,0.5,0.0,0.49310052,0.22,ME2
0.50153035,0.5614503,0.49378175,0.160169,0.5,0.0,0.5406358,0.22,CYT
0.7616444,0.58965474,0.54664403,0.18762368,0.5,0.0,0.50469595,0.22,ME2
0.4742016,0.4335335,0.4969081,0.20561205,0.5,0.0,0.5215329,0.40350607,CYT
0.5002054,0.48906228,0.55929804,0.6997581,0.5,0.0,0.46496484,0.27791157,CYT
0.67556727,0.506219,0.44261464,0.14410335,0.5,0.0,0.52133006,0.22,ME2
0.47367865,0.5620687,0.52817863,0.12703256,0.5,0.0,0.53740317,0.22,CYT
0.38012812,0.4536036,0.5210722,0.13325435,0.5,0.0,0.5473383,0.22,CYT
0.5611564,0.47679248,0.47260824,0.18930481,0.5,0.0,0.5407692,0.34419325,CYT
0.24309672,0.25013804,0.56895685,0.19728641,0.5,0.0,0.45339924,0.22,CYT
0.42008236,0.47152728,0.63490486,0.19037059,0.5,0.0,0.44335952,0.22,CYT
0.6807967,0.55043876,0.45334518,0.18185833,0.5,0.0,0.5347288,0.22,CYT
0.6699548,0.6248964,0.45279378,0.19421707,0.5,0.0,0.39477274,0.22,CYT
0.2537634,0.44420165,0.55115616,0.06961437,0.5,0.0,0.52900654,0.22,CYT
0.81171465,0.55645454,0.5938992,0.28119743,0.5,0.0,0.30010802,0.29487,ME2
0.50786275,0.45961922,0.5237442,0.18570085,0.5,0.0,0.5240642,0.22,CYT
0.6606025,0.5522949,0.45701972,0.21747054,0.5,0.0,0.45887762,0.22,CYT
0.76096284,0.48525742,0.5099634,0.26834756,0.5,0.0,0.3212127,0.22,CYT
0.5300413,0.4841783,0.5216707,0.1629825,0.5,0.0,0.6719331,0.267135,CYT
0.8041821,0.58035743,0.43123475,0.06510601,0.5,0.0,0.5232541,0.22,ME2
0.6553087,0.45046148,0.5045788,0.18431647,0.5,0.0,0.4874475,0.27501202,CYT
0.5230339,0.41287535,0.5045796,0.1910347,0.5,0.0,0.68109125,0.22,CYT
0.74407524,0.61689067,0.55902416,0.16802308,0.5,0.0,0.3365732,0.25041038,ME2
0.82270914,0.64503217,0.5052729,0.38393146,0.5,0.0,0.42861727,0.22,ME2
0.8078205,0.8700832,0.40753254,0.331725,0.5,0.0,0.54140836,0.22,ME2
0.62760866,0.49701065,0.42899835,0.25357482,0.5,0.0,0.42492193,0.46614987,ME2
0.41138104,0.3878106,0.5062427,0.14923342,0.5,0.0,0.5427031,0.22,CYT
0.55322987,0.5835954,0.39021719,0.17977467,0.5,0.0,0.5351639,0.22,ME2
0.62850463,0.4875222,0.33950144,0.4381636,0.5,0.0,0.54347616,0.22,ME2
0.5760971,0.43181285,0.6899992,0.6379999,0.5,0.0,0.3,0.24896657,CYT
0.57294345,0.55438685,0.5084777,0.20377022,0.5,0.0,0.5016894,0.22,CYT
0.5364187,0.7437957,0.38341594,0.1704439,0.5,0.0,0.54875153,0.22,ME2
0.8595985,0.55352604,0.46425468,0.13891175,0.5,0.0,0.5338805,0.22,ME2
0.47189227,0.42902404,0.50302523,0.17955843,0.5,0.0,0.41041106,0.32504123,CYT
0.8040338,0.7671427,0.54221326,0.63798755,0.5,0.0,0.546919,0.22,ME2
0.7924987,0.6268869,0.41450313,0.19888066,0.5,0.0,0.54323596,0.22,ME2
0.89501137,0.7331885,0.2712141,0.1754851,0.5,0.0,0.5102052,0.22,ME2
0.46854836,0.41629615,0.6899967,0.26613778,0.5,0.0,0.30092517,0.22,CYT
0.70508367,0.8869889,0.44835424,0.30183,0.5,0.0,0.5200333,0.22,ME2
0.4571133,0.4217384,0.46024847,0.17723842,0.5,0.0,0.4409893,0.3580473,CYT
0.6920151,0.67736083,0.42498007,0.1841654,0.5,0.0,0.5137945,0.22,ME2
0.49719855,0.4815035,0.47893876,0.18901631,0.5,0.0,0.5251209,0.40820673,CYT
0.45498815,0.45020267,0.50914717,0.15087284,0.5,0.0,0.51518846,0.22,CYT
0.72812927,0.6383849,0.448873,0.6578965,0.5,0.0,0.5356631,0.22,ME2
0.59918004,0.44129443,0.5468934,0.17664257,0.5,0.0,0.4640212,0.22,CYT
0.42296362,0.40358648,0.49611002,0.18567818,0.5,0.0,0.51719356,0.37352252,CYT
0.9309865,0.6390939,0.27005973,0.44539022,0.5,0.0,0.34843016,0.22,ME2
0.240125,0.30403778,0.6401401,0.14816633,0.5,0.0,0.39976832,0.11079403,CYT
0.40551534,0.59870446,0.45165625,0.1283077,0.5,0.0,0.42130408,0.22,CYT
0.45450145,0.5676987,0.5015464,0.18770581,0.5,0.0,0.5321642,0.3905646,CYT
0.54175985,0.536601,0.5172247,0.1921221,0.5,0.0,0.31854397,0.22,CYT
0.7757983,0.76709515,0.38703337,0.4581739,0.5,0.0,0.54824346,0.22,ME2
0.87121,0.73314846,0.37353632,0.27986044,0.5,0.0,0.42920795,0.22,ME2
0.75892025,0.6404555,0.4458986,0.385916,0.5,0.0,0.5093471,0.24408409,ME2
0.30236548,0.3094286,0.56486166,0.18007147,0.5,0.0,0.3530138,0.22,CYT
0.73168135,0.4488267,0.3860995,0.4461254,0.5,0.0,0.508668,0.22,ME2
0.47717538,0.54192317,0.52671725,0.08176969,0.5,0.0,0.31376898,0.22,CYT
0.38794684,0.51003253,0.52868044,0.18739694,0.5,0.0,0.5302791,0.22,CYT
0.81906444,0.67464113,0.42390558,0.18560113,0.5,0.0,0.53806156,0.22,ME2
0.75289994,0.7951177,0.27689445,0.62017286,0.5,0.0,0.44655412,0.22,ME2
0.2512863,0.40093178,0.6457416,0.12013588,0.5,0.0,0.5495974,0.22,CYT
0.7368742,0.8999961,0.48108038,0.3725749,0.5,0.0,0.52169186,0.22,ME2
0.460863,0.38705498,0.41375977,0.1469307,0.5,0.0,0.51171786,0.22,ME2
0.71733457,0.58723915,0.28738803,0.3869597,0.5,0.0,0.4697408,0.22,ME2
0.8448556,0.8220921,0.4292566,0.46771336,0.5,0.0,0.5884289,0.22,ME2
0.38479143,0.48803642,0.38919675,0.04965253,0.5,0.0,0.5208663,0.22,ME2
0.5457223,0.43533602,0.48392573,0.34298885,0.5,0.0,0.5070842,0.46995386,ME2
0.43646687,0.42852625,0.5261746,0.19507577,0.5,0.0,0.54207027,0.34909338,CYT
0.601123,0.5664213,0.5227433,0.19919445,0.5,0.0,0.59791785,0.22,CYT
0.68032885,0.6775778,0.29060107,0.40127304,0.5,0.0,0.52433115,0.22,ME2
0.4004366,0.4029726,0.58876264,0.19238564,0.5,0.0,0.43355018,0.22,CYT
0.77882004,0.6790534,0.45541015,0.35678157,0.5,0.0,0.5164755,0.22,ME2
0.38597667,0.4529112,0.5354338,0.07778508,0.5,0.0,0.5487867,0.22,CYT
0.8202128,0.5146721,0.52827746,0.21111557,0.5,0.0,0.5386057,0.46999964,ME2
0.771222,0.8817657,0.4096614,0.22339639,0.5,0.0,0.54464716,0.22,ME2
0.44564357,0.4817719,0.49842075,0.13687603,0.5,0.0,0.5281683,0.22,CYT
0.87658584,0.608594,0.44155568,0.19539331,0.5,0.0,0.4161796,0.22,ME2
0.34696412,0.57115656,0.48800924,0.16204716,0.99999875,0.0,0.49625334,0.22,ME2
0.77051365,0.894282,0.5069356,0.36645898,0.5,0.0,0.5285944,0.22,ME2
0.6943706,0.5592655,0.3617354,0.2235415,0.5,0.0,0.48628125,0.3886154,ME2
0.91560686,0.67063653,0.52183133,0.39944145,0.5,0.0,0.5250137,0.22,ME2
0.39963883,0.44851932,0.5440373,0.1369381,0.5,0.0,0.51225287,0.22,CYT
0.4472965,0.5031147,0.5159038,0.16399,0.5,0.0,0.5291308,0.22,CYT
0.95464593,0.70509183,0.2737015,0.33034357,0.5,0.0,0.33305147,0.22,ME2
0.72937363,0.57356894,0.3655713,0.32236576,0.5,0.0,0.5292816,0.22,ME2
0.26907966,0.3507695,0.540322,0.1316292,0.5,0.0,0.41585875,0.22,CYT
0.49464646,0.34491563,0.52432996,0.19588417,0.5,0.0,0.5180442,0.276585,CYT
0.53540325,0.44577128,0.49405938,0.31540123,0.5,0.0,0.38170394,0.32884675,CYT
0.6799679,0.5231228,0.42757818,0.19838455,0.5,0.0,0.524555,0.22,ME2
0.3563054,0.43607414,0.55786604,0.14626186,0.5,0.0,0.5227755,0.22,CYT
0.71472144,0.47769177,0.29488814,0.32480177,0.5,0.0,0.40364388,0.22,ME2
0.86296326,0.6564852,0.45355248,0.37179363,0.5,0.0,0.5494886,0.22,ME2
0.24013187,0.29261,0.4500868,0.13774829,0.5,0.0,0.43170714,0.22,ME2
0.97,0.65166754,0.27400506,0.3939928,0.5,0.0,0.3075547,0.22,ME2
0.6357112,0.5996502,0.48809054,0.096833974,0.5,0.0,0.32305682,0.22,CYT
0.49746323,0.54654837,0.4478626,0.48913634,0.5,0.0,0.5172616,0.4509598,CYT
0.6256249,0.61577934,0.3454326,0.21998537,0.5,0.0,0.5282013,0.22,ME2
0.88428944,0.66249293,0.5066453,0.3650104,0.5,0.0,0.66056526,0.22,ME2
0.7780991,0.56553197,0.39388338,0.2728095,0.5,0.0,0.54389274,0.22,ME2
0.49309704,0.5882905,0.52293926,0.19073193,0.5,0.0,0.56490886,0.22,CYT
0.82035327,0.7875253,0.5203425,0.3963241,0.5,0.0,0.5399737,0.22,ME2
0.28736037,0.2614854,0.5575212,0.17287214,0.5,0.0,0.50387526,0.22,CYT
0.896309,0.561146,0.38020512,0.30229577,0.5,0.0,0.5011533,0.22,ME2
0.4213905,0.4654824,0.51080024,0.08251936,0.5,0.0,0.54443115,0.25403786,CYT
0.4706796,0.4731243,0.4298971,0.16467416,0.5,0.0,0.5533431,0.3206959,CYT
0.47072965,0.7519834,0.3664492,0.17237861,0.5,0.0,0.5018409,0.22,ME2
0.52209646,0.44347543,0.51405853,0.18293203,0.5,0.0,0.4375526,0.22,CYT
0.5117801,0.54944247,0.5459433,0.16644622,0.5,0.0,0.6816713,0.22,CYT
0.80694836,0.5832119,0.3674479,0.25272202,0.5,0.0,0.49471402,0.22,ME2
0.8185843,0.89266956,0.680937,0.5774937,0.5,0.0,0.48787227,0.24362288,ME2
0.8944922,0.56220126,0.29618692,0.040011097,0.5,0.0,0.6461975,0.22,ME2
0.742926,0.6471437,0.45779854,0.20152757,0.5,0.0,0.53194565,0.22,ME2
0.8053717,0.58165663,0.45715365,0.60182756,0.5,0.0,0.54342306,0.22,ME2
0.55331576,0.4486793,0.5576413,0.15899934,0.5,0.0,0.5355612,0.22,CYT
0.38276455,0.45263034,0.5292331,0.16305788,0.5,0.0,0.50728637,0.22,CYT
0.6349043,0.8892845,0.52262145,0.13642696,0.5,0.0,0.39779216,0.22,CYT
0.42835134,0.58716404,0.5076595,0.102804504,0.5,0.0,0.542209,0.22,CYT
0.3646505,0.4018229,0.565407,0.2221027,0.5,0.0,0.42089012,0.22,CYT
0.46296918,0.48419648,0.5438785,0.19697356,0.5,0.0,0.60398024,0.22,CYT
0.46391916,0.34965536,0.5627382,0.27845937,0.5,0.0,0.5278502,0.38733268,CYT
0.6174634,0.4396253,0.4435262,0.2631372,0.5,0.0,0.51355535,0.4680394,ME2
0.56439936,0.44053113,0.5222442,0.17087348,0.5,0.0,0.5189765,0.22,CYT
0.44957805,0.44485787,0.6098804,0.13818137,0.5,0.0,0.4183613,0.22,CYT
0.5907964,0.5672757,0.52208424,0.20286128,0.5,0.0,0.36524516,0.22,CYT
0.6959625,0.8762078,0.40078962,0.19768293,0.5,0.0,0.42753804,0.22,ME2
0.83824474,0.5820783,0.3555891,0.2380201,0.5,0.0,0.53298706,0.22,ME2
0.5442994,0.4966636,0.56760377,0.1711126,0.5,0.0,0.4411834,0.22,CYT
0.56433254,0.43189228,0.51757574,0.18452959,0.5,0.0,0.33909085,0.22,CYT
0.37863848,0.4343455,0.6135655,0.15446213,0.5,0.0,0.46605647,0.22,CYT
0.64401424,0.46081963,0.41807178,0.43473488,0.5,0.0,0.47910836,0.37713706,CYT
0.5907298,0.41955462,0.49775943,0.18318914,0.5,0.0,0.50739515,0.22,CYT
0.49316543,0.4655756,0.517486,0.1935544,0.5,0.0,0.3078664,0.33187267,CYT
0.5825926,0.554434,0.55293816,0.35794872,0.5,0.0,0.4760527,0.22,CYT
0.7813886,0.58431023,0.54162854,0.2281699,0.5,0.0,0.3334634,0.2900859,ME2
0.5307431,0.5687238,0.30909207,0.2712691,0.5,0.0,0.49241856,0.33862656,ME2
0.25664967,0.32554716,0.55468184,0.06661099,0.5,0.0,0.5249515,0.22,CYT
0.5514907,0.4399005,0.6777719,0.23716861,0.5,0.0,0.35328355,0.22,CYT
0.47954154,0.44922134,0.56650406,0.32867977,0.5,0.0,0.54476285,0.22,CYT
0.45867142,0.48417735,0.5382262,0.16790944,0.5,0.0,0.5465564,0.22,CYT
0.52819085,0.41756648,0.55352265,0.69808096,0.5,0.0,0.5010295,0.31111926,CYT
0.45022947,0.4813637,0.52107865,0.0844462,0.5,0.0,0.66486514,0.22,CYT
0.7674068,0.44329718,0.3744142,0.17739682,0.5,0.0,0.5215452,0.22,ME2
0.75218284,0.63420945,0.38637578,0.5052951,0.5,0.0,0.5380975,0.22,ME2
0.9699978,0.8288338,0.28133637,0.46011585,0.5,0.0,0.3445275,0.22,ME2
0.9509413,0.7559931,0.2805153,0.23254003,0.5,0.0,0.49580574,0.22,ME2
0.7316125,0.7263654,0.45527625,0.19659346,0.5,0.0,0.5319802,0.22,ME2
0.39553058,0.44784862,0.5501669,0.15479341,0.5,0.0,0.4618395,0.22,CYT
0.59714705,0.69287807,0.31585255,0.32938772,0.5,0.0,0.50678986,0.22,ME2
0.45768932,0.4282857,0.48776615,0.16946706,0.5,0.0,0.54309684,0.40383142,CYT
0.8781808,0.604861,0.30883887,0.28064176,0.5,0.0,0.43654746,0.22,ME2
0.50387114,0.57731235,0.3771328,0.15893722,0.5,0.0,0.5309999,0.22,ME2
0.4798913,0.45880884,0.46862647,0.11028812,0.5,0.0,0.51426125,0.22,CYT
0.54421973,0.46209702,0.33302978,0.18769842,0.5,0.0,0.35359046,0.30163667,ME2
0.36614797,0.4599516,0.42642486,0.18086298,0.5,0.0,0.5291572,0.22,ME2
0.79347944,0.56804866,0.46042895,0.38506812,0.5,0.0,0.54268634,0.22,ME2
0.7416098,0.8938236,0.36696485,0.39909628,0.5,0.0,0.5237408,0.22,ME2
0.8195393,0.6956656,0.40478456,0.25201443,0.5,0.0,0.5340615,0.22,ME2
0.826638,0.59186745,0.29027113,0.56953365,0.5,0.0,0.44493175,0.22,ME2
0.41944623,0.2547573,0.69,0.19121483,0.5,0.0,0.30000088,0.30820996,CYT
0.43116626,0.46805334,0.4858391,0.18481825,0.5,0.0,0.5383655,0.40603164,CYT
0.39314213,0.46563816,0.52401143,0.114414744,0.5,0.0,0.54732114,0.22,CYT
0.47125533,0.4233831,0.67197084,0.6996637,0.5,0.0,0.52574986,0.33029807,CYT
0.6120682,0.50567687,0.5239123,0.15581155,0.5,0.0,0.41992643,0.22,CYT
0.6030885,0.4645997,0.6851638,0.1779868,0.5,0.0,0.3000003,0.2595954,CYT
0.8034596,0.5646145,0.4966561,0.18549046,0.5,0.0,0.50942695,0.26330045,ME2
0.37013248,0.4233584,0.5586376,0.14325391,0.5,0.0,0.5357505,0.31642592,CYT
0.78572965,0.8742899,0.47162858,0.6956988,0.5,0.0,0.5357994,0.22,ME2
0.46005082,0.4531479,0.54872435,0.105294175,0.5,0.0,0.5308208,0.22,CYT
0.7244457,0.666905,0.4713533,0.1852947,0.5,0.0,0.5086609,0.22,CYT
0.829046,0.8957041,0.59094775,0.35301083,0.5,0.0,0.52040285,0.22,ME2
0.9040611,0.75271684,0.6120473,0.5501207,0.5,0.0,0.31251737,0.22,ME2
0.42082673,0.4815827,0.630284,0.06800434,0.5,0.0,0.4769168,0.22,CYT
0.39429083,0.4155221,0.5143843,0.13628559,0.5,0.0,0.47249383,0.22,CYT
0.45505577,0.48932585,0.5544111,0.22634675,0.5,0.0,0.5454559,0.22,CYT
0.552325,0.4565839,0.52930087,0.3028143,0.5,0.0,0.3576252,0.22,CYT
0.5531386,0.45261562,0.5022382,0.19963926,0.5,0.0,0.3639253,0.34824917,CYT
0.50275034,0.42478472,0.6238521,0.6899669,0.5,0.0,0.47554117,0.33184797,CYT
0.47615927,0.43183196,0.4984815,0.193627,0.5,0.0,0.5493646,0.34359282,CYT
0.32106888,0.46934828,0.5485355,0.19389635,0.5,0.0,0.5401339,0.22,CYT
0.47814703,0.44957408,0.58557254,0.1727211,0.5,0.0,0.54682225,0.22,CYT
0.47097892,0.41648138,0.52409875,0.38817057,0.5,0.0,0.5390892,0.39616817,CYT
0.9599486,0.60288835,0.2862193,0.3841677,0.5,0.0,0.33302936,0.22,ME2
0.42754635,0.44838,0.40195948,0.18940718,0.9999957,0.0,0.42210853,0.22,ME2
0.57520103,0.6899829,0.35002226,0.29455468,0.5,0.0,0.45630378,0.22,ME2
0.51270694,0.5042467,0.46949553,0.06890888,0.5,0.0,0.54366475,0.24321938,CYT
0.53956866,0.4512605,0.4760528,0.16838236,0.5,0.0,0.5423907,0.22,CYT
0.91668004,0.61211616,0.3020738,0.20117205,0.5,0.0,0.4260664,0.22,ME2
0.872863,0.5365167,0.3983122,0.18547416,0.5,0.0,0.5296496,0.22,ME2
0.95331544,0.89945483,0.58760846,0.4708268,0.5,0.0,0.67223006,0.22,ME2
0.8003091,0.6290117,0.4425469,0.2341669,0.5,0.0,0.51475394,0.22,ME2
0.8191435,0.6105148,0.48616275,0.21857126,0.5,0.0,0.5293866,0.41347924,ME2
0.7636777,0.56904185,0.4229864,0.17348093,0.5,0.0,0.53599036,0.22,ME2
0.5800137,0.6754905,0.42017737,0.40903324,0.5,0.0,0.51001984,0.4092699,ME2
0.56510943,0.40992823,0.55698144,0.53629327,0.5,0.0,0.52603513,0.26214844,CYT
0.544711,0.4677316,0.43657297,0.40109825,0.5,0.0,0.4406408,0.3737211,CYT
0.73801893,0.71113974,0.51369375,0.6990652,0.5,0.0,0.36057574,0.393578,ME2
0.41110483,0.49438107,0.56276613,0.14492013,0.5,0.0,0.56173676,0.22,CYT
0.7286676,0.6532506,0.45660403,0.13658164,0.5,0.0,0.47941756,0.22,CYT
0.51555556,0.5662645,0.49522197,0.17108573,0.5,0.0,0.54730254,0.22,CYT
0.46320456,0.46103382,0.5458671,0.13897185,0.5,0.0,0.51595336,0.22,CYT
0.27765185,0.37252858,0.55159575,0.14790331,0.5,0.0,0.5229408,0.22,CYT
0.806122,0.61990315,0.45384887,0.35246256,0.5,0.0,0.59298074,0.22,ME2
0.5544781,0.42127314,0.5185607,0.18912409,0.5,0.0,0.60401374,0.22,CYT
0.5865284,0.48179254,0.38907227,0.16899535,0.5,0.0,0.48053217,0.392243,ME2
0.53892267,0.40474764,0.68999237,0.17839617,0.5,0.0,0.30000135,0.32306266,CYT
0.42075804,0.46279383,0.52956676,0.18104365,0.5,0.0,0.5025037,0.115447626,CYT
0.80185664,0.6134466,0.3769693,0.31269172,0.5,0.0,0.5053226,0.22,ME2
0.71433866,0.55877805,0.40008488,0.18441927,0.5,0.0,0.53521,0.22,ME2
0.58033854,0.55146885,0.41221148,0.045648072,0.5,0.0,0.49814174,0.22,ME2
0.59427124,0.6012527,0.41885746,0.1998151,0.5,0.0,0.33496338,0.3014004,ME2
0.969917,0.8991828,0.35799083,0.34857166,0.5,0.0,0.41545606,0.22,ME2
0.5273088,0.44842392,0.5043232,0.23784342,0.5,0.0,0.42287588,0.4699146,ME2
0.47383738,0.48096973,0.55176795,0.21561341,0.5,0.0,0.43098032,0.22,CYT
0.7745213,0.55437386,0.45386237,0.37250665,0.5,0.0,0.50903726,0.4342788,ME2
0.44451913,0.4562766,0.684502,0.17448433,0.5,0.0,0.3170311,0.3024367,CYT
0.50028306,0.49474695,0.53591335,0.22633809,0.5,0.0,0.5442095,0.22,CYT
0.24299121,0.2609892,0.50829613,0.20041254,0.5,0.0,0.5026949,0.22,ME2
0.92284703,0.871475,0.6444821,0.50285965,0.5,0.0,0.52613974,0.22,ME2
0.86089003,0.7473333,0.37143883,0.40282425,0.5,0.0,0.5293699,0.22,ME2
0.41259763,0.4462472,0.33483592,0.11403101,0.5,0.0,0.5256249,0.22,ME2
0.46235344,0.4737591,0.49898818,0.13487895,0.5,0.0,0.6858963,0.22,CYT
0.34282568,0.45046824,0.6680439,0.16390646,0.5,0.0,0.46306944,0.22,CYT
0.3196783,0.38264465,0.5596681,0.20362751,0.5,0.0,0.47542956,0.22,CYT
0.47985545,0.45356593,0.48476774,0.13373573,0.5,0.0,0.44949242,0.22,ME2
0.47265348,0.43664864,0.4954203,0.19311981,0.5,0.0,0.54080015,0.350241,CYT
0.5168324,0.47442442,0.48274067,0.22049147,0.5,0.0,0.456468,0.38822347,CYT
0.74894637,0.60288924,0.4381021,0.17954907,0.5,0.0,0.60816914,0.22,ME2
0.4483304,0.6246423,0.3992787,0.17502174,0.5,0.0,0.5269608,0.22,ME2
0.46318975,0.4020338,0.53265303,0.19003528,0.5,0.0,0.5487021,0.3522305,CYT
0.5948001,0.5786835,0.44007742,0.35383853,0.5,0.0,0.5032206,0.22,ME2
0.6936973,0.48021144,0.5083107,0.21500087,0.5,0.0,0.6647335,0.22,CYT
0.81827,0.5827642,0.4245413,0.098458864,0.5,0.0,0.5998393,0.22,ME2
0.41310126,0.4681816,0.4820097,0.24542822,0.99999213,0.0,0.32523397,0.22,ME2
0.37638772,0.40337166,0.6459633,0.18683054,0.5,0.0,0.5317785,0.22,CYT
0.79958254,0.59365934,0.45254627,0.04,0.5,0.0,0.4253461,0.22,ME2
0.48605627,0.4444449,0.42411065,0.18606193,0.5,0.0,0.54517186,0.30780876,ME2
0.5794307,0.48129907,0.536001,0.16336705,0.5,0.0,0.6899992,0.22,CYT
0.8033466,0.7016673,0.3981516,0.16492756,0.5,0.0,0.45948896,0.22,ME2
0.55789244,0.48483282,0.54169023,0.16753492,0.5,0.0,0.5060782,0.22,CYT
0.45864353,0.42592943,0.50627995,0.18840401,0.5,0.0,0.4352638,0.3769813,CYT
0.78831816,0.69207305,0.38342342,0.46594882,0.5,0.0,0.54024327,0.22,ME2
0.8623035,0.5631738,0.49324697,0.396941,0.5,0.0,0.30001676,0.26861492,ME2
0.96995986,0.6086628,0.27026203,0.21085522,0.5,0.0,0.32780084,0.22,ME2
0.25615466,0.61313725,0.51556236,0.14081791,0.5,0.0,0.603207,0.22,CYT
0.85530066,0.6773439,0.33766466,0.20263804,0.5,0.0,0.5217137,0.22,ME2
0.24000265,0.25000197,0.52822095,0.36048174,0.5,0.0,0.44542414,0.11,CYT
0.47430575,0.47650525,0.4262127,0.048334446,0.5,0.0,0.5521589,0.33435798,ME2
0.8877419,0.590433,0.27002755,0.3355787,0.5,0.0,0.43384033,0.22,ME2
0.75951904,0.6650476,0.39933336,0.24196497,0.5,0.0,0.54305995,0.22,ME2
0.7607262,0.86545223,0.47445956,0.35378152,0.5,0.0,0.47561955,0.22,ME2
0.8044054,0.876373,0.38003704,0.18838575,0.5,0.0,0.5390055,0.22,ME2
0.39350468,0.31359583,0.35899797,0.23067933,0.5,0.0,0.45760724,0.22,ME2
0.55132806,0.47218487,0.50170004,0.1495496,0.5,0.0,0.5419949,0.22,CYT
0.65637994,0.65420747,0.2902472,0.16571099,0.5,0.0,0.5160726,0.22,ME2
0.81847966,0.6885103,0.68964666,0.29886806,0.5,0.0,0.531605,0.22,ME2
0.4893334,0.41619673,0.52570826,0.27186224,0.5,0.0,0.54340243,0.31033468,CYT
0.7098877,0.5871052,0.3808205,0.17166752,0.5,0.0,0.5092445,0.22,ME2
0.2869554,0.2814805,0.49434486,0.18868053,0.5,0.0,0.43527538,0.3264422,CYT
0.53076947,0.43422282,0.52150583,0.18803026,0.5,0.0,0.49964446,0.3403565,CYT
0.610913,0.48410845,0.47957778,0.45819435,0.5,0.0,0.32666343,0.22,CYT
0.5869165,0.46521655,0.5114596,0.19342415,0.5,0.0,0.49386606,0.43638635,ME2
0.5403157,0.5147454,0.3319055,0.15053353,0.5,0.0,0.5465019,0.33957458,ME2
0.8099155,0.7112104,0.32867345,0.18978818,0.5,0.0,0.48585108,0.22,ME2
0.7999451,0.6058687,0.45439422,0.31783935,0.5,0.0,0.52413666,0.22,ME2
0.96998656,0.70028335,0.29628354,0.23288117,0.5,0.0,0.35389733,0.22,ME2
0.64798623,0.896771,0.5221473,0.69399935,0.5,0.0,0.54276246,0.265756,ME2
0.5271972,0.55557173,0.5575347,0.5318381,0.5,0.0,0.51913947,0.24239473,CYT
0.34957638,0.48588684,0.6507687,0.077500515,0.5,0.0,0.3274212,0.22,CYT
0.5122594,0.44358328,0.5288401,0.12019533,0.5,0.0,0.4812992,0.22,CYT
0.78248185,0.8347588,0.43146035,0.26973736,0.5,0.0,0.5411097,0.22,ME2
0.3919222,0.5767538,0.37488607,0.05405487,0.5,0.0,0.49259734,0.22,ME2
0.24000607,0.25017577,0.5750224,0.18184868,0.5,0.0,0.33164886,0.11,CYT
0.2521991,0.2693507,0.52987057,0.16492258,0.5,0.0,0.4159772,0.22,CYT
0.88754857,0.7142549,0.2787291,0.24370027,0.5,0.0,0.4627917,0.22,ME2
0.6776113,0.6008775,0.40325224,0.14823823,0.5,0.0,0.53982985,0.22,ME2
0.46351245,0.44668654,0.52147114,0.15507483,0.5,0.0,0.541085,0.22,CYT
0.764856,0.53970796,0.5249527,0.18816572,0.5,0.0,0.32045612,0.22,CYT
0.73646665,0.5620746,0.52510136,0.40857387,0.5,0.0,0.5193218,0.22,ME2
0.47724062,0.45765808,0.49804667,0.13724798,0.5,0.0,0.42623588,0.24531105,CYT
0.48868626,0.45501274,0.52793324,0.048358668,0.5,0.0,0.46084246,0.22,CYT
0.6503139,0.72996205,0.36194816,0.16939177,0.5,0.0,0.3506796,0.22,ME2
0.5849663,0.4650439,0.4715818,0.25478524,0.5,0.0,0.5775238,0.42964634,CYT
0.80887884,0.7363236,0.4258585,0.3168084,0.5,0.0,0.52784264,0.22,ME2
0.8334141,0.89979935,0.41023618,0.4627039,0.5,0.0,0.4279491,0.22,ME2
0.45791483,0.46993613,0.59509134,0.16971801,0.5,0.0,0.50437135,0.35434017,CYT
0.45059967,0.4462706,0.46786085,0.16617276,0.5,0.0,0.5026677,0.46768832,ME2
0.84772354,0.59874326,0.39315262,0.19947287,0.5,0.0,0.54518855,0.22,ME2
0.79412174,0.7146048,0.37041283,0.19752367,0.5,0.0,0.43170986,0.22,ME2
0.4193931,0.35821968,0.45637584,0.091627695,0.5,0.0,0.4974261,0.22,ME2
0.43649977,0.44733566,0.5207187,0.2252818,0.5,0.0,0.5348603,0.38190323,CYT
0.4386723,0.40193912,0.5212096,0.19027431,0.5,0.0,0.52669626,0.36412093,CYT
0.7692145,0.8995092,0.30521345,0.59238875,0.5,0.0,0.5222314,0.22,ME2
0.55672973,0.78877634,0.5098198,0.2044007,0.5,0.0,0.41025868,0.22,CYT
0.48600787,0.29258192,0.69,0.23173004,0.5,0.0,0.3,0.22,CYT
0.7623243,0.55807817,0.31837934,0.2765787,0.5,0.0,0.53241414,0.22,ME2
0.442052,0.561942,0.52320945,0.19245905,0.5,0.0,0.5338617,0.34531835,CYT
0.5908087,0.4835838,0.52332115,0.6995734,0.5,0.0,0.49317685,0.2608684,CYT
0.4797632,0.48118865,0.5208383,0.17211632,0.5,0.0,0.5426224,0.22,CYT
0.80644995,0.589035,0.4460284,0.20922919,0.5,0.0,0.53305584,0.22,ME2
0.74073845,0.65160894,0.43200946,0.19718598,0.5,0.0,0.52427775,0.22,ME2
0.7143463,0.5440758,0.45532593,0.1755013,0.5,0.0,0.5288723,0.22,ME2
0.7758015,0.57177955,0.44140452,0.16447823,0.5,0.0,0.6613876,0.22,ME2
0.6653014,0.569601,0.29969046,0.45529288,0.5,0.0,0.46040443,0.22,ME2
0.6872215,0.56558126,0.39901298,0.19499673,0.5,0.0,0.52990174,0.22,ME2
0.46097156,0.46514335,0.65992063,0.1973353,0.5,0.0,0.5014265,0.22,CYT
0.66277885,0.41728798,0.44665173,0.14593908,0.5,0.0,0.441741,0.22,CYT
0.82448107,0.6162834,0.36673564,0.1940699,0.5,0.0,0.5198097,0.22,ME2
0.38399118,0.70888275,0.41747686,0.16602884,0.5,0.0,0.34993476,0.22,ME2
0.40255544,0.46559435,0.56472075,0.17457281,0.5,0.0,0.53165406,0.22,CYT
0.5482858,0.66989136,0.38526896,0.19673976,0.5,0.0,0.5105419,0.22,ME2
0.24000299,0.2500548,0.5765085,0.19870916,0.5,0.0,0.5194202,0.110532165,CYT
0.58468145,0.7429877,0.36068156,0.1890476,0.5,0.0,0.4803663,0.22,ME2
0.8579002,0.7014182,0.38974762,0.18828803,0.5,0.0,0.53604287,0.22,ME2
0.6459568,0.5066463,0.37375763,0.04005443,0.5,0.0,0.53335416,0.22,ME2
0.8139542,0.6782675,0.44059235,0.29908696,0.5,0.0,0.5489805,0.22,ME2
0.45533687,0.4715783,0.5185473,0.20319991,0.5,0.0,0.50065666,0.3265288,CYT
0.8429316,0.6560753,0.4220463,0.22108737,0.5,0.0,0.31708467,0.22,ME2
0.5302481,0.4455284,0.5234335,0.44537374,0.5,0.0,0.53969187,0.3453423,CYT
0.66691595,0.61862856,0.43283343,0.5050129,0.5,0.0,0.321393,0.27722734,ME2
0.4328091,0.3414206,0.6899998,0.16929989,0.5,0.0,0.30000165,0.29661417,CYT
0.33664626,0.4539026,0.51700145,0.1348168,0.5,0.0,0.52994144,0.22,CYT
0.5540492,0.44498304,0.49274978,0.33872306,0.5,0.0,0.47814885,0.3696541,CYT
0.83658993,0.5539455,0.543468,0.34581026,0.5,0.0,0.43382156,0.42257202,ME2
0.32465932,0.3443099,0.4563478,0.10832549,0.5,0.0,0.5300928,0.22,ME2
0.29505274,0.40789217,0.51584333,0.1340652,0.5,0.0,0.52213836,0.39730403,CYT
0.7737074,0.56013346,0.3315076,0.19591635,0.5,0.0,0.48768172,0.31228605,ME2
